dataset,model,roc_auc,pr_auc,delta,miscalibrated,tau_star,tau_bayes,tau_gap,precision_1,recall_1,f1_1,tp,fp,fn,tn,expected_cost,cfn,cfp,seed
creditcard,LR,0.9819593228681421,0.741492154149806,0.20171023591601722,True,0.999,0.09090909090909091,0.9080909090909091,0.7215189873417721,0.76,0.7402597402597403,57,22,18,56865,202.0,10.0,1.0,7
creditcard,RF,0.9329379295796931,0.7907535994729628,0.18454679061838286,False,0.151,0.09090909090909091,0.060090909090909084,0.7435897435897436,0.7733333333333333,0.7581699346405228,58,20,17,56867,190.0,10.0,1.0,7
creditcard,XGB,0.9685641124802972,0.7977627375180817,0.18774409284137528,False,0.084,0.09090909090909091,0.006909090909090906,0.7532467532467533,0.7733333333333333,0.7631578947368421,58,19,17,56868,189.0,10.0,1.0,7
creditcard,LGBM,0.8849420781549386,0.02741265471733875,0.8675602987803163,True,1.0,0.09090909090909091,0.9090909090909091,0.033936651583710405,0.8,0.06511123168746609,60,1708,15,55179,1858.0,10.0,1.0,7
creditcard,DNN,0.9781686501309613,0.7982624980560049,0.16457790098876235,False,0.992,0.09090909090909091,0.901090909090909,0.8571428571428571,0.72,0.782608695652174,54,9,21,56878,219.0,10.0,1.0,7
ieee_cis,LR,0.8166529883254757,0.1742105700586541,0.41323231667477817,True,0.6890000000000001,0.09090909090909091,0.5980909090909091,0.197078870496592,0.49803149606299213,0.2824054695130459,2024,8246,2040,105798,28646.0,10.0,1.0,7
ieee_cis,RF,0.8652596142354367,0.4336335652963561,0.32935066058239904,True,0.107,0.09090909090909091,0.016090909090909086,0.22303074404220483,0.6033464566929134,0.32567406030017265,2452,8542,1612,105502,24662.0,10.0,1.0,7
ieee_cis,XGB,0.8748434801687262,0.47064020554099634,0.3514185872725072,True,0.504,0.09090909090909091,0.41309090909090906,0.25422306158850067,0.5962106299212598,0.35645457888929755,2423,7108,1641,106936,23518.0,10.0,1.0,7
ieee_cis,LGBM,0.8735960305122599,0.48153381545342644,0.34243415373853825,True,0.559,0.09090909090909091,0.4680909090909091,0.2679505733051319,0.5922736220472441,0.36897371043151683,2407,6576,1657,107468,23146.0,10.0,1.0,7
ieee_cis,DNN,0.8350584166368166,0.25402096930054613,0.3898742615181696,True,0.653,0.09090909090909091,0.5620909090909091,0.21079377985567638,0.5103346456692913,0.2983528734805438,2074,7765,1990,106279,27665.0,10.0,1.0,7
baf,LR,0.8615780063760005,0.135352200497797,0.7479980249867021,True,0.867,0.09090909090909091,0.776090909090909,0.2040319777546055,0.20837770678026268,0.2061819459079733,587,2290,2230,194893,24590.0,10.0,1.0,7
baf,RF,0.8559879255724405,0.15402453969446062,0.7272966731009678,True,0.089,0.09090909090909091,0.0019090909090909158,0.13926596279537456,0.3933262335818246,0.2056994337696092,1108,6848,1709,190335,23938.0,10.0,1.0,7
baf,XGB,0.8728314651950825,0.15063832407385014,0.7345040728012393,True,0.809,0.09090909090909091,0.7180909090909091,0.20732410611303345,0.2552360667376642,0.22879872712808275,719,2749,2098,194434,23729.0,10.0,1.0,7
baf,LGBM,0.8763805254157813,0.15703596621585433,0.7355809020039807,True,0.878,0.09090909090909091,0.7870909090909091,0.25034835113794707,0.19133830315938943,0.21690140845070421,539,1614,2278,195569,24394.0,10.0,1.0,7
baf,DNN,0.8744565213096035,0.1626760398734186,0.7359676049320241,True,0.789,0.09090909090909091,0.6980909090909091,0.19049704401138604,0.308839190628328,0.23564463705308775,870,3697,1947,193486,23167.0,10.0,1.0,7
paysim,LR,0.8230738397353905,0.07530617103252055,0.8009967979695412,True,1.0,0.09090909090909091,0.9090909090909091,0.0,0.0,0.0,0,15,4254,1268255,42555.0,10.0,1.0,7
paysim,RF,0.6278095125630617,0.15878913348115078,0.6060416034806183,True,0.981,0.09090909090909091,0.890090909090909,0.8726003490401396,0.11753643629525153,0.20716801325875284,500,73,3754,1268197,37613.0,10.0,1.0,7
paysim,XGB,0.9150453931950268,0.23030231247549218,0.7385042720226309,True,0.994,0.09090909090909091,0.903090909090909,0.9321428571428572,0.18406205923836388,0.30742049469964666,783,57,3471,1268213,34767.0,10.0,1.0,7
paysim,LGBM,0.6612760778911471,0.0063718754990657826,0.6454753512420719,True,1.0,0.09090909090909091,0.9090909090909091,0.009422514421291894,0.4891866478608369,0.01848890310428772,2081,218773,2173,1049497,240503.0,10.0,1.0,7
paysim,DNN,0.9226508433136204,0.2466694787074498,0.9015440328555694,True,1.0,0.09090909090909091,0.9090909090909091,0.0,0.0,0.0,0,0,4254,1268270,42540.0,10.0,1.0,7
elliptic,LR,0.841863,0.17469,0.4025,True,0.673,0.0909,0.5821,0.1174,0.8834,0.2072,394,2963,52,5904,3483.0,10.0,1.0,7
elliptic,RF,0.844982,0.578065,0.033,False,0.346,0.0909,0.2551,0.6084,0.5224,0.5621,233,150,213,8717,2280.0,10.0,1.0,7
elliptic,XGB,0.841468,0.585818,0.0286,False,0.268,0.0909,0.1771,0.6005,0.5291,0.5626,236,157,210,8710,2257.0,10.0,1.0,7
elliptic,LGBM,0.873819,0.595493,0.0288,False,0.105,0.0909,0.0141,0.6071,0.5336,0.568,238,154,208,8713,2234.0,10.0,1.0,7
elliptic,CatBoost,0.876062,0.599435,0.0276,False,0.425,0.0909,0.3341,0.6555,0.5247,0.5828,234,123,212,8744,2243.0,10.0,1.0,7
giveme,LR,0.824977,0.353789,0.4509,True,0.506,0.0909,0.4151,0.2535,0.6316,0.3618,1291,3801,753,24155,11331.0,10.0,1.0,7
giveme,RF,0.85019,0.371735,0.4699,True,0.108,0.0909,0.0171,0.2551,0.6786,0.3708,1387,4050,657,23906,10620.0,10.0,1.0,7
giveme,XGB,0.857591,0.384041,0.4611,True,0.535,0.0909,0.4441,0.2675,0.6771,0.3835,1384,3790,660,24166,10390.0,10.0,1.0,7
giveme,LGBM,0.863312,0.40384,0.4577,True,0.571,0.0909,0.4801,0.2722,0.6742,0.3878,1378,3685,666,24271,10345.0,10.0,1.0,7
giveme,CatBoost,0.866144,0.407432,0.4567,True,0.599,0.0909,0.5081,0.2877,0.6654,0.4017,1360,3367,684,24589,10207.0,10.0,1.0,7
creditcard,LR,0.9819593228681421,0.741492154149806,0.20171023591601722,True,0.999,0.09090909090909091,0.9080909090909091,0.7215189873417721,0.76,0.7402597402597403,57,22,18,56865,202.0,10.0,1.0,21
creditcard,RF,0.9456120613379742,0.7928296947643111,0.18933361136056648,False,0.183,0.09090909090909091,0.09209090909090908,0.7671232876712328,0.7466666666666667,0.7567567567567568,56,17,19,56870,207.0,10.0,1.0,21
creditcard,XGB,0.9650856376090612,0.7893521314088061,0.1837034996598591,False,0.802,0.09090909090909091,0.7110909090909091,0.890625,0.76,0.8201438848920863,57,7,18,56880,187.0,10.0,1.0,21
creditcard,LGBM,0.8849420781549386,0.02741265471733875,0.8675602987803163,True,1.0,0.09090909090909091,0.9090909090909091,0.033936651583710405,0.8,0.06511123168746609,60,1708,15,55179,1858.0,10.0,1.0,21
creditcard,DNN,0.9635244138965552,0.7950963572219198,0.14681709806708676,False,0.99,0.09090909090909091,0.899090909090909,0.873015873015873,0.7333333333333333,0.7971014492753623,55,8,20,56879,208.0,10.0,1.0,21
ieee_cis,LR,0.8166529883254757,0.1742105700586541,0.41323231667477817,True,0.6890000000000001,0.09090909090909091,0.5980909090909091,0.197078870496592,0.49803149606299213,0.2824054695130459,2024,8246,2040,105798,28646.0,10.0,1.0,21
ieee_cis,RF,0.866563785420436,0.4323683750213666,0.3276855985850744,True,0.115,0.09090909090909091,0.024090909090909093,0.23842453397474445,0.5853838582677166,0.3388406209941604,2379,7599,1685,106445,24449.0,10.0,1.0,21
ieee_cis,XGB,0.8762836662952579,0.4804576947888012,0.3470431694709012,True,0.521,0.09090909090909091,0.4300909090909091,0.26853685368536856,0.6006397637795275,0.371141857989965,2441,6649,1623,107395,22879.0,10.0,1.0,21
ieee_cis,LGBM,0.8770672428510118,0.48003476115817006,0.3429930566688717,True,0.582,0.09090909090909091,0.491090909090909,0.2843257874015748,0.5686515748031497,0.3791010498687664,2311,5817,1753,108227,23347.0,10.0,1.0,21
ieee_cis,DNN,0.8199309474454811,0.3833856565892257,0.37134201732335737,True,0.554,0.09090909090909091,0.4630909090909091,0.24168562452605352,0.5489665354330708,0.3356148928168484,2231,7000,1833,107044,25330.0,10.0,1.0,21
baf,LR,0.8615780063760005,0.135352200497797,0.7479980249867021,True,0.867,0.09090909090909091,0.776090909090909,0.2040319777546055,0.20837770678026268,0.2061819459079733,587,2290,2230,194893,24590.0,10.0,1.0,21
baf,RF,0.8588768464093649,0.15406736559454945,0.7276844524012479,True,0.093,0.09090909090909091,0.0020909090909090877,0.1458596048759983,0.369542066027689,0.20916214587100662,1041,6096,1776,191087,23856.0,10.0,1.0,21
baf,XGB,0.873563644284738,0.15395089665127099,0.7350305681019265,True,0.834,0.09090909090909091,0.743090909090909,0.22097994080894443,0.23855165069222578,0.2294298395356777,672,2369,2145,194814,23819.0,10.0,1.0,21
baf,LGBM,0.8759792774591858,0.15503956844533828,0.735016674840799,True,0.855,0.09090909090909091,0.764090909090909,0.21700978737765778,0.22825701100461485,0.22249134948096885,643,2320,2174,194863,24060.0,10.0,1.0,21
baf,DNN,0.8765980577650261,0.1646494226927765,0.7328536257152806,True,0.84,0.09090909090909091,0.749090909090909,0.2299342105263158,0.24813631522896698,0.23868874850606112,699,2341,2118,194842,23521.0,10.0,1.0,21
paysim,LR,0.8230738397353905,0.07530617103252055,0.8009967979695412,True,1.0,0.09090909090909091,0.9090909090909091,0.0,0.0,0.0,0,15,4254,1268255,42555.0,10.0,1.0,21
paysim,RF,0.6287380808070687,0.15916602060345444,0.6054022996447117,True,0.983,0.09090909090909091,0.892090909090909,0.8734622144112478,0.11683121767748002,0.20609579100145137,497,72,3757,1268198,37642.0,10.0,1.0,21
paysim,XGB,0.9153223713051599,0.22912206982919722,0.7400999366669595,True,0.993,0.09090909090909091,0.902090909090909,0.9011494252873563,0.1842971321109544,0.30601092896174864,784,86,3470,1268184,34786.0,10.0,1.0,21
paysim,LGBM,0.651387080359187,0.005288109924135743,0.641997843682783,True,1.0,0.09090909090909091,0.9090909090909091,0.006292510405702531,0.6478608368594264,0.012463961468450033,2756,435225,1498,833045,450205.0,10.0,1.0,21
paysim,DNN,0.9226152785953378,0.23327619168581276,0.9031251478914314,True,1.0,0.09090909090909091,0.9090909090909091,0.0,0.0,0.0,0,0,4254,1268270,42540.0,10.0,1.0,21
elliptic,LR,0.841863,0.17469,0.4025,True,0.673,0.0909,0.5821,0.1174,0.8834,0.2072,394,2963,52,5904,3483.0,10.0,1.0,21
elliptic,RF,0.840441,0.576058,0.0338,False,0.363,0.0909,0.2721,0.6427,0.5202,0.575,232,129,214,8738,2269.0,10.0,1.0,21
elliptic,XGB,0.848493,0.588309,0.0295,False,0.185,0.0909,0.0941,0.5308,0.5404,0.5356,241,213,205,8654,2263.0,10.0,1.0,21
elliptic,LGBM,0.873819,0.595493,0.0288,False,0.105,0.0909,0.0141,0.6071,0.5336,0.568,238,154,208,8713,2234.0,10.0,1.0,21
elliptic,CatBoost,0.884359,0.601589,0.0289,False,0.307,0.0909,0.2161,0.576,0.5269,0.5504,235,173,211,8694,2283.0,10.0,1.0,21
giveme,LR,0.824977,0.353789,0.4509,True,0.506,0.0909,0.4151,0.2535,0.6316,0.3618,1291,3801,753,24155,11331.0,10.0,1.0,21
giveme,RF,0.851767,0.372058,0.4699,True,0.123,0.0909,0.0321,0.2729,0.6477,0.384,1324,3527,720,24429,10727.0,10.0,1.0,21
giveme,XGB,0.859202,0.385473,0.4575,True,0.552,0.0909,0.4611,0.2766,0.6654,0.3908,1360,3556,684,24400,10396.0,10.0,1.0,21
giveme,LGBM,0.863312,0.40384,0.4577,True,0.571,0.0909,0.4801,0.2722,0.6742,0.3878,1378,3685,666,24271,10345.0,10.0,1.0,21
giveme,CatBoost,0.866719,0.409132,0.4549,True,0.573,0.0909,0.4821,0.2735,0.684,0.3907,1398,3714,646,24242,10174.0,10.0,1.0,21
creditcard,LR,0.9819593228681421,0.741492154149806,0.20171023591601722,True,0.999,0.09090909090909091,0.9080909090909091,0.7215189873417721,0.76,0.7402597402597403,57,22,18,56865,202.0,10.0,1.0,42
creditcard,RF,0.939110400150005,0.7869973687393764,0.19651000824614728,False,0.139,0.09090909090909091,0.0480909090909091,0.725,0.7733333333333333,0.7483870967741936,58,22,17,56865,192.0,10.0,1.0,42
creditcard,XGB,0.9686831789336755,0.7877683350202732,0.19175101080797474,False,0.861,0.09090909090909091,0.770090909090909,0.8888888888888888,0.7466666666666667,0.8115942028985508,56,7,19,56880,197.0,10.0,1.0,42
creditcard,LGBM,0.8849420781549386,0.02741265471733875,0.8675602987803163,True,1.0,0.09090909090909091,0.9090909090909091,0.033936651583710405,0.8,0.06511123168746609,60,1708,15,55179,1858.0,10.0,1.0,42
creditcard,DNN,0.9724063494295709,0.8008306742412684,0.16553157208624603,False,0.997,0.09090909090909091,0.9060909090909091,0.7910447761194029,0.7066666666666667,0.7464788732394366,53,14,22,56873,234.0,10.0,1.0,42
ieee_cis,LR,0.8166529883254757,0.1742105700586541,0.41323231667477817,True,0.6890000000000001,0.09090909090909091,0.5980909090909091,0.197078870496592,0.49803149606299213,0.2824054695130459,2024,8246,2040,105798,28646.0,10.0,1.0,42
ieee_cis,RF,0.8663277790696615,0.4283321735494447,0.3295174747054186,True,0.117,0.09090909090909091,0.026090909090909095,0.23760977086908247,0.5792322834645669,0.3369837520578341,2354,7553,1710,106491,24653.0,10.0,1.0,42
ieee_cis,XGB,0.8780134938335031,0.478884945967863,0.35292453040775573,True,0.466,0.09090909090909091,0.37509090909090914,0.2354547937721934,0.6363188976377953,0.34372300126271016,2586,8397,1478,105647,23177.0,10.0,1.0,42
ieee_cis,LGBM,0.8768207504935932,0.4821533853537593,0.34402421486350654,True,0.5640000000000001,0.09090909090909091,0.4730909090909091,0.2662337662337662,0.5851377952755905,0.365958756540474,2378,6554,1686,107490,23414.0,10.0,1.0,42
ieee_cis,DNN,0.7984822998451765,0.22418820671677087,0.36342600108267054,True,0.593,0.09090909090909091,0.502090909090909,0.22295875420875422,0.5214074803149606,0.31235259433962265,2119,7385,1945,106659,26835.0,10.0,1.0,42
baf,LR,0.8615780063760005,0.135352200497797,0.7479980249867021,True,0.867,0.09090909090909091,0.776090909090909,0.2040319777546055,0.20837770678026268,0.2061819459079733,587,2290,2230,194893,24590.0,10.0,1.0,42
baf,RF,0.8585625301991615,0.15485926337896533,0.7243185251133062,True,0.077,0.09090909090909091,0.013909090909090913,0.12258763292634896,0.44195953141640043,0.1919371001310414,1245,8911,1572,188272,24631.0,10.0,1.0,42
baf,XGB,0.8744978839881276,0.15650851232860508,0.7340820812512139,True,0.8160000000000001,0.09090909090909091,0.7250909090909091,0.22045028142589118,0.25026624068157616,0.2344139650872818,705,2493,2112,194690,23613.0,10.0,1.0,42
baf,LGBM,0.8739845181576325,0.14884878737911833,0.7391279870035851,True,0.855,0.09090909090909091,0.764090909090909,0.22027439024390244,0.20518281860134896,0.2124609446792869,578,2046,2239,195137,24436.0,10.0,1.0,42
baf,DNN,0.8735459212802885,0.16481601513145389,0.7325034162288254,True,0.8140000000000001,0.09090909090909091,0.7230909090909091,0.21590598524186935,0.2804401845935392,0.24397776405188387,790,2869,2027,194314,23139.0,10.0,1.0,42
paysim,LR,0.8230738397353905,0.07530617103252055,0.8009967979695412,True,1.0,0.09090909090909091,0.9090909090909091,0.0,0.0,0.0,0,15,4254,1268255,42555.0,10.0,1.0,42
paysim,RF,0.6278200119484273,0.159840521633609,0.6078870025931987,True,0.973,0.09090909090909091,0.882090909090909,0.8583617747440273,0.11824165491302303,0.20785123966942148,503,83,3751,1268187,37593.0,10.0,1.0,42
paysim,XGB,0.9151571015100184,0.22978174754600478,0.738905139287939,True,0.99,0.09090909090909091,0.899090909090909,0.9011494252873563,0.1842971321109544,0.30601092896174864,784,86,3470,1268184,34786.0,10.0,1.0,42
paysim,LGBM,0.5906627509009095,0.00409960032967369,0.5826692633120244,True,1.0,0.09090909090909091,0.9090909090909091,0.004112586482380814,0.9826046074283028,0.008190890867156683,4180,1012212,74,256058,1012952.0,10.0,1.0,42
paysim,DNN,0.9223966019939819,0.26498025348919657,0.8980916874139375,True,1.0,0.09090909090909091,0.9090909090909091,0.0,0.0,0.0,0,0,4254,1268270,42540.0,10.0,1.0,42
elliptic,LR,0.841863,0.17469,0.4025,True,0.673,0.0909,0.5821,0.1174,0.8834,0.2072,394,2963,52,5904,3483.0,10.0,1.0,42
elliptic,RF,0.845375,0.578265,0.0322,False,0.327,0.0909,0.2361,0.544,0.5269,0.5353,235,197,211,8670,2307.0,10.0,1.0,42
elliptic,XGB,0.852747,0.590241,0.0294,False,0.241,0.0909,0.1501,0.5809,0.5314,0.555,237,171,209,8696,2261.0,10.0,1.0,42
elliptic,LGBM,0.873819,0.595493,0.0288,False,0.105,0.0909,0.0141,0.6071,0.5336,0.568,238,154,208,8713,2234.0,10.0,1.0,42
elliptic,CatBoost,0.885476,0.605006,0.0289,False,0.379,0.0909,0.2881,0.6611,0.5291,0.5878,236,121,210,8746,2221.0,10.0,1.0,42
giveme,LR,0.824977,0.353789,0.4509,True,0.506,0.0909,0.4151,0.2535,0.6316,0.3618,1291,3801,753,24155,11331.0,10.0,1.0,42
giveme,RF,0.850652,0.375145,0.468,True,0.111,0.0909,0.0201,0.2581,0.6678,0.3723,1365,3924,679,24032,10714.0,10.0,1.0,42
giveme,XGB,0.857438,0.384868,0.4571,True,0.56,0.0909,0.4691,0.2774,0.6575,0.3902,1344,3501,700,24455,10501.0,10.0,1.0,42
giveme,LGBM,0.863312,0.40384,0.4577,True,0.571,0.0909,0.4801,0.2722,0.6742,0.3878,1378,3685,666,24271,10345.0,10.0,1.0,42
giveme,CatBoost,0.866005,0.406568,0.4553,True,0.573,0.0909,0.4821,0.2715,0.6815,0.3883,1393,3737,651,24219,10247.0,10.0,1.0,42
creditcard,LR,0.9819593228681421,0.741492154149806,0.20171023591601722,True,0.999,0.09090909090909091,0.9080909090909091,0.7215189873417721,0.76,0.7402597402597403,57,22,18,56865,202.0,10.0,1.0,84
creditcard,RF,0.9465139662840368,0.7927236758378,0.18733369925474153,False,0.14100000000000001,0.09090909090909091,0.0500909090909091,0.7341772151898734,0.7733333333333333,0.7532467532467533,58,21,17,56866,191.0,10.0,1.0,84
creditcard,XGB,0.971372721359889,0.7988980480763538,0.18336463227029054,False,0.788,0.09090909090909091,0.6970909090909091,0.890625,0.76,0.8201438848920863,57,7,18,56880,187.0,10.0,1.0,84
creditcard,LGBM,0.8849420781549386,0.02741265471733875,0.8675602987803163,True,1.0,0.09090909090909091,0.9090909090909091,0.033936651583710405,0.8,0.06511123168746609,60,1708,15,55179,1858.0,10.0,1.0,84
creditcard,DNN,0.9707040272821559,0.794490802671024,0.15791522772686972,False,0.994,0.09090909090909091,0.903090909090909,0.7638888888888888,0.7333333333333333,0.7482993197278912,55,17,20,56870,217.0,10.0,1.0,84
ieee_cis,LR,0.8166529883254757,0.1742105700586541,0.41323231667477817,True,0.6890000000000001,0.09090909090909091,0.5980909090909091,0.197078870496592,0.49803149606299213,0.2824054695130459,2024,8246,2040,105798,28646.0,10.0,1.0,84
ieee_cis,RF,0.8654772053461477,0.42912338670593164,0.32854844882742906,True,0.115,0.09090909090909091,0.024090909090909093,0.23366141732283466,0.5841535433070866,0.3338020247469066,2374,7786,1690,106258,24686.0,10.0,1.0,84
ieee_cis,XGB,0.8758336698924327,0.4752839864634333,0.35280837605580617,True,0.527,0.09090909090909091,0.4360909090909091,0.27251023192360163,0.5898129921259843,0.3727838258164852,2397,6399,1667,107645,23069.0,10.0,1.0,84
ieee_cis,LGBM,0.8744751041661776,0.4834287472295647,0.34429470381191574,True,0.5730000000000001,0.09090909090909091,0.4820909090909091,0.27500582886453717,0.5804625984251969,0.37320044296788485,2359,6219,1705,107825,23269.0,10.0,1.0,84
ieee_cis,DNN,0.8116797202633766,0.20814159500575397,0.38053299034036964,True,0.593,0.09090909090909091,0.502090909090909,0.21364596960853377,0.5223917322834646,0.30326405256767375,2123,7814,1941,106230,27224.0,10.0,1.0,84
baf,LR,0.8615780063760005,0.135352200497797,0.7479980249867021,True,0.867,0.09090909090909091,0.776090909090909,0.2040319777546055,0.20837770678026268,0.2061819459079733,587,2290,2230,194893,24590.0,10.0,1.0,84
baf,RF,0.8570586276393093,0.15341838300667976,0.7278764254138166,True,0.097,0.09090909090909091,0.006090909090909091,0.1519903498190591,0.35782747603833864,0.21335591067837867,1008,5624,1809,191559,23714.0,10.0,1.0,84
baf,XGB,0.8715130110265497,0.15478052318236787,0.7333935569778058,True,0.851,0.09090909090909091,0.760090909090909,0.23332017370706673,0.20979765708200213,0.22093457943925235,591,1942,2226,195241,24202.0,10.0,1.0,84
baf,LGBM,0.8764311587135762,0.1571428724783992,0.7337946972489191,True,0.848,0.09090909090909091,0.757090909090909,0.21439371031146054,0.25168619098331557,0.23154800783801438,709,2598,2108,194585,23678.0,10.0,1.0,84
baf,DNN,0.8743333604259732,0.1636379688411485,0.7327857770037363,True,0.854,0.09090909090909091,0.763090909090909,0.1971631205673759,0.29605963791267303,0.23669646658152405,834,3396,1983,193787,23226.0,10.0,1.0,84
paysim,LR,0.8230738397353905,0.07530617103252055,0.8009967979695412,True,1.0,0.09090909090909091,0.9090909090909091,0.0,0.0,0.0,0,15,4254,1268255,42555.0,10.0,1.0,84
paysim,RF,0.6283877813203328,0.1594413460448246,0.6085778351536176,True,0.981,0.09090909090909091,0.890090909090909,0.872822299651568,0.11777150916784203,0.2075393537696769,501,73,3753,1268197,37603.0,10.0,1.0,84
paysim,XGB,0.9152494778999378,0.22934016728371717,0.7382505450443846,True,0.993,0.09090909090909091,0.902090909090909,0.9321428571428572,0.18406205923836388,0.30742049469964666,783,57,3471,1268213,34767.0,10.0,1.0,84
paysim,LGBM,0.6404949239350655,0.004709000285384291,0.6299736610614242,True,0.001,0.09090909090909091,0.08990909090909091,0.004781003762334067,0.9499294781382228,0.009514122857203398,4041,841179,213,427091,843309.0,10.0,1.0,84
paysim,DNN,0.9227278743624603,0.2518030760001815,0.900450583962755,True,1.0,0.09090909090909091,0.9090909090909091,0.0,0.0,0.0,0,0,4254,1268270,42540.0,10.0,1.0,84
elliptic,LR,0.841863,0.17469,0.4025,True,0.673,0.0909,0.5821,0.1174,0.8834,0.2072,394,2963,52,5904,3483.0,10.0,1.0,84
elliptic,RF,0.845577,0.577701,0.0332,False,0.373,0.0909,0.2821,0.6824,0.5202,0.5903,232,108,214,8759,2248.0,10.0,1.0,84
elliptic,XGB,0.841444,0.584234,0.0295,False,0.192,0.0909,0.1011,0.5347,0.5359,0.5353,239,208,207,8659,2278.0,10.0,1.0,84
elliptic,LGBM,0.873819,0.595493,0.0288,False,0.105,0.0909,0.0141,0.6071,0.5336,0.568,238,154,208,8713,2234.0,10.0,1.0,84
elliptic,CatBoost,0.873818,0.597341,0.0289,False,0.323,0.0909,0.2321,0.629,0.5247,0.5721,234,138,212,8729,2258.0,10.0,1.0,84
giveme,LR,0.824977,0.353789,0.4509,True,0.506,0.0909,0.4151,0.2535,0.6316,0.3618,1291,3801,753,24155,11331.0,10.0,1.0,84
giveme,RF,0.850748,0.372429,0.4708,True,0.107,0.0909,0.0161,0.255,0.6717,0.3697,1373,4011,671,23945,10721.0,10.0,1.0,84
giveme,XGB,0.858051,0.386773,0.4581,True,0.553,0.0909,0.4621,0.2743,0.6619,0.3878,1353,3580,691,24376,10490.0,10.0,1.0,84
giveme,LGBM,0.863312,0.40384,0.4577,True,0.571,0.0909,0.4801,0.2722,0.6742,0.3878,1378,3685,666,24271,10345.0,10.0,1.0,84
giveme,CatBoost,0.865911,0.403591,0.4553,True,0.578,0.0909,0.4871,0.2759,0.6791,0.3924,1388,3643,656,24313,10203.0,10.0,1.0,84
creditcard,LR,0.9819593228681421,0.741492154149806,0.20171023591601722,True,0.999,0.09090909090909091,0.9080909090909091,0.7215189873417721,0.76,0.7402597402597403,57,22,18,56865,202.0,10.0,1.0,168
creditcard,RF,0.9463227099337282,0.7934893610158777,0.17400074681423106,False,0.125,0.09090909090909091,0.03409090909090909,0.6744186046511628,0.7733333333333333,0.7204968944099379,58,28,17,56859,198.0,10.0,1.0,168
creditcard,XGB,0.9703158893947651,0.793535813552226,0.1873645439345537,False,0.111,0.09090909090909091,0.02009090909090909,0.7808219178082192,0.76,0.7702702702702703,57,16,18,56871,196.0,10.0,1.0,168
creditcard,LGBM,0.8849420781549386,0.02741265471733875,0.8675602987803163,True,1.0,0.09090909090909091,0.9090909090909091,0.033936651583710405,0.8,0.06511123168746609,60,1708,15,55179,1858.0,10.0,1.0,168
creditcard,DNN,0.9763095259022272,0.7914065389575767,0.17536861423534167,False,0.996,0.09090909090909091,0.9050909090909091,0.782608695652174,0.72,0.75,54,15,21,56872,225.0,10.0,1.0,168
ieee_cis,LR,0.8166529883254757,0.1742105700586541,0.41323231667477817,True,0.6890000000000001,0.09090909090909091,0.5980909090909091,0.197078870496592,0.49803149606299213,0.2824054695130459,2024,8246,2040,105798,28646.0,10.0,1.0,168
ieee_cis,RF,0.866687046702447,0.43078600997230454,0.3291522377414905,True,0.111,0.09090909090909091,0.02009090909090909,0.22970655487804878,0.593257874015748,0.33118131868131867,2411,8085,1653,105959,24615.0,10.0,1.0,168
ieee_cis,XGB,0.8771681145669844,0.47451878084732135,0.3526637782955141,True,0.526,0.09090909090909091,0.4350909090909091,0.2707188516317147,0.593996062992126,0.3719282027578769,2414,6503,1650,107541,23003.0,10.0,1.0,168
ieee_cis,LGBM,0.8742772832774587,0.4774700257549699,0.3450894267333652,True,0.5700000000000001,0.09090909090909091,0.4790909090909091,0.2755396513909731,0.5873523622047244,0.37510803802938636,2387,6276,1677,107768,23046.0,10.0,1.0,168
ieee_cis,DNN,0.8299219778966372,0.39909339515774434,0.3745516890585825,True,0.625,0.09090909090909091,0.5340909090909091,0.25693027721108846,0.5268208661417323,0.34540614664838265,2141,6192,1923,107852,25422.0,10.0,1.0,168
baf,LR,0.8615780063760005,0.135352200497797,0.7479980249867021,True,0.867,0.09090909090909091,0.776090909090909,0.2040319777546055,0.20837770678026268,0.2061819459079733,587,2290,2230,194893,24590.0,10.0,1.0,168
baf,RF,0.85781021660986,0.15553016666835617,0.7263780641531595,True,0.085,0.09090909090909091,0.0059090909090909055,0.13478360957642727,0.4156904508342208,0.20356366797044764,1171,7517,1646,189666,23977.0,10.0,1.0,168
baf,XGB,0.8760832561992427,0.15438308595119166,0.7332573594440617,True,0.839,0.09090909090909091,0.748090909090909,0.21836313617606604,0.22541711040113596,0.22183406113537119,635,2273,2182,194910,24093.0,10.0,1.0,168
baf,LGBM,0.8793019199745057,0.15693185982344213,0.7325985142104161,True,0.863,0.09090909090909091,0.772090909090909,0.21555555555555556,0.2410365637202698,0.22758505111446287,679,2471,2138,194712,23851.0,10.0,1.0,168
baf,DNN,0.8746079090190517,0.15997304208554947,0.7363326189469137,True,0.8140000000000001,0.09090909090909091,0.7230909090909091,0.20369874028410614,0.26979055733049345,0.23213194868662188,760,2971,2057,194212,23541.0,10.0,1.0,168
paysim,LR,0.8230738397353905,0.07530617103252055,0.8009967979695412,True,1.0,0.09090909090909091,0.9090909090909091,0.0,0.0,0.0,0,15,4254,1268255,42555.0,10.0,1.0,168
paysim,RF,0.6280245360236968,0.15899426417187346,0.6041668309100886,True,0.969,0.09090909090909091,0.878090909090909,0.8564273789649416,0.12059238363892807,0.2114156192046157,513,86,3741,1268184,37496.0,10.0,1.0,168
paysim,XGB,0.9149131055546202,0.2299116627103757,0.7385070541406482,True,0.994,0.09090909090909091,0.903090909090909,0.9321428571428572,0.18406205923836388,0.30742049469964666,783,57,3471,1268213,34767.0,10.0,1.0,168
paysim,LGBM,0.7016857702785527,0.007492450718397271,0.6725306254234388,True,1.0,0.09090909090909091,0.9090909090909091,0.00912479115794885,0.7176774800188058,0.018020464116964795,3053,331530,1201,936740,343540.0,10.0,1.0,168
paysim,DNN,0.9221794667568531,0.24727500518859516,0.8999554895915123,True,1.0,0.09090909090909091,0.9090909090909091,0.99609375,0.059943582510578276,0.1130820399113082,255,1,3999,1268269,39991.0,10.0,1.0,168
elliptic,LR,0.841863,0.17469,0.4025,True,0.673,0.0909,0.5821,0.1174,0.8834,0.2072,394,2963,52,5904,3483.0,10.0,1.0,168
elliptic,RF,0.841969,0.577305,0.0326,False,0.387,0.0909,0.2961,0.7117,0.5202,0.601,232,94,214,8773,2234.0,10.0,1.0,168
elliptic,XGB,0.843211,0.586212,0.0287,False,0.269,0.0909,0.1781,0.6334,0.5269,0.5753,235,136,211,8731,2246.0,10.0,1.0,168
elliptic,LGBM,0.873819,0.595493,0.0288,False,0.105,0.0909,0.0141,0.6071,0.5336,0.568,238,154,208,8713,2234.0,10.0,1.0,168
elliptic,CatBoost,0.877434,0.599085,0.0293,False,0.363,0.0909,0.2721,0.5448,0.5314,0.538,237,198,209,8669,2288.0,10.0,1.0,168
giveme,LR,0.824977,0.353789,0.4509,True,0.506,0.0909,0.4151,0.2535,0.6316,0.3618,1291,3801,753,24155,11331.0,10.0,1.0,168
giveme,RF,0.851527,0.372528,0.469,True,0.095,0.0909,0.0041,0.2419,0.7001,0.3595,1431,4485,613,23471,10615.0,10.0,1.0,168
giveme,XGB,0.858422,0.385316,0.4614,True,0.546,0.0909,0.4551,0.2726,0.6707,0.3877,1371,3658,673,24298,10388.0,10.0,1.0,168
giveme,LGBM,0.863312,0.40384,0.4577,True,0.571,0.0909,0.4801,0.2722,0.6742,0.3878,1378,3685,666,24271,10345.0,10.0,1.0,168
giveme,CatBoost,0.866765,0.410131,0.4525,True,0.566,0.0909,0.4751,0.2695,0.6937,0.3882,1418,3844,626,24112,10104.0,10.0,1.0,168
