dataset,model,null_cost,cost_mean,cost_over_null,seeds_at_or_above_null,flagged_min,flagged_max,tp_min,tp_max,tau_star_min,tau_star_max
baf,LGBM,28170.0,24083.8,0.8549449769258076,0,2153,3307,539,709,0.848,0.878
baf,LR,28170.0,24590.0,0.8729144479943202,0,2877,2877,587,587,0.867,0.867
baf,RF,28170.0,24023.2,0.8527937522186724,0,6632,10156,1008,1245,0.077,0.097
baf,XGB,28170.0,23891.2,0.8481079162229322,0,2533,3468,591,719,0.809,0.851
creditcard,LGBM,750.0,1858.0,2.477333333333333,5,1768,1768,60,60,1.0,1.0
creditcard,LR,750.0,202.0,0.2693333333333333,0,79,79,57,57,0.999,0.999
creditcard,RF,750.0,195.6,0.2608,0,73,86,56,58,0.125,0.183
creditcard,XGB,750.0,191.2,0.25493333333333335,0,63,77,56,58,0.084,0.861
elliptic,CatBoost,4460.0,2258.6,0.5064125560538116,0,357,435,234,237,0.307,0.425
elliptic,LGBM,4460.0,2234.0,0.5008968609865471,0,392,392,238,238,0.105,0.105
elliptic,LR,4460.0,3483.0,0.7809417040358745,0,3357,3357,394,394,0.673,0.673
elliptic,RF,4460.0,2267.6,0.5084304932735426,0,326,432,232,235,0.327,0.387
elliptic,XGB,4460.0,2261.0,0.5069506726457399,0,371,454,235,241,0.185,0.269
giveme,CatBoost,20440.0,10187.0,0.49838551859099806,0,4727,5262,1360,1418,0.566,0.599
giveme,LGBM,20440.0,10345.0,0.5061154598825832,0,5063,5063,1378,1378,0.571,0.571
giveme,LR,20440.0,11331.0,0.5543542074363992,0,5092,5092,1291,1291,0.506,0.506
giveme,RF,20440.0,10679.4,0.5224755381604697,0,4851,5916,1324,1431,0.095,0.123
giveme,XGB,20440.0,10433.0,0.5104207436399217,0,4845,5174,1344,1384,0.535,0.56
ieee_cis,LGBM,40640.0,23244.4,0.5719586614173229,0,8128,8983,2311,2407,0.559,0.582
ieee_cis,LR,40640.0,28646.0,0.7048720472440945,0,10270,10270,2024,2024,0.6890000000000001,0.6890000000000001
ieee_cis,RF,40640.0,24613.0,0.605634842519685,0,9907,10994,2354,2452,0.107,0.117
ieee_cis,XGB,40640.0,23129.2,0.5691240157480315,0,8796,10983,2397,2586,0.466,0.527
paysim,LGBM,42540.0,578101.8,13.58960507757405,5,220854,1016392,2081,4180,0.001,1.0
paysim,LR,42540.0,42555.0,1.0003526093088857,5,15,15,0,0,1.0,1.0
paysim,RF,42540.0,37589.4,0.8836248236953456,0,569,599,497,513,0.969,0.983
paysim,XGB,42540.0,34774.6,0.8174565115185707,0,840,870,783,784,0.99,0.994
